feature,importance
NEW_RATIO_BURO_CREDIT_DAY_OVERDUE_MEAN,0.0
BURO_CREDIT_CURRENCY_nan_MEAN,0.0
BURO_CREDIT_TYPE_Another type of loan_MEAN,0.0
CLOSED_CREDIT_TYPE_Loan for working capital replenishment_MEAN,0.0
BURO_CREDIT_TYPE_Cash loan (non-earmarked)_MEAN,0.0
CLOSED_CREDIT_TYPE_Loan for the purchase of equipment_MEAN,0.0
CLOSED_CREDIT_TYPE_Loan for purchase of shares (margin lending)_MEAN,0.0
BURO_CREDIT_TYPE_Interbank credit_MEAN,0.0
BURO_CREDIT_TYPE_Loan for purchase of shares (margin lending)_MEAN,0.0
BURO_CREDIT_TYPE_Loan for the purchase of equipment_MEAN,0.0
BURO_CREDIT_TYPE_Loan for working capital replenishment_MEAN,0.0
BURO_CREDIT_TYPE_Mobile operator loan_MEAN,0.0
BURO_CREDIT_TYPE_Real estate loan_MEAN,0.0
BURO_CREDIT_TYPE_Unknown type of loan_MEAN,0.0
BURO_CREDIT_TYPE_nan_MEAN,0.0
CLOSED_CREDIT_TYPE_Interbank credit_MEAN,0.0
PREV_NAME_GOODS_CATEGORY_Animals_MEAN,0.0
PREV_NAME_GOODS_CATEGORY_Additional Service_MEAN,0.0
PREV_NAME_CONTRACT_TYPE_nan_MEAN,0.0
PREV_NAME_CONTRACT_TYPE_XNA_MEAN,0.0
BURO_CREDIT_CURRENCY_currency 4_MEAN,0.0
CLOSED_CREDIT_TYPE_Cash loan (non-earmarked)_MEAN,0.0
BURO_CREDIT_CURRENCY_currency 3_MEAN,0.0
BURO_CREDIT_CURRENCY_currency 1_MEAN,0.0
PREV_NAME_PAYMENT_TYPE_nan_MEAN,0.0
PREV_NAME_PAYMENT_TYPE_Cashless from the account of the employer_MEAN,0.0
PREV_NAME_GOODS_CATEGORY_nan_MEAN,0.0
PREV_NAME_GOODS_CATEGORY_Weapon_MEAN,0.0
PREV_NAME_GOODS_CATEGORY_Tourism_MEAN,0.0
PREV_CODE_REJECT_REASON_nan_MEAN,0.0
CLOSED_CREDIT_TYPE_nan_MEAN,0.0
PREV_NAME_GOODS_CATEGORY_Office Appliances_MEAN,0.0
PREV_NAME_GOODS_CATEGORY_Medical Supplies_MEAN,0.0
PREV_NAME_GOODS_CATEGORY_Insurance_MEAN,0.0
CLOSED_CREDIT_TYPE_Unknown type of loan_MEAN,0.0
PREV_NAME_CASH_LOAN_PURPOSE_Buying a garage_MEAN,0.0
CLOSED_CREDIT_TYPE_Real estate loan_MEAN,0.0
PREV_NAME_GOODS_CATEGORY_Fitness_MEAN,0.0
PREV_NAME_GOODS_CATEGORY_Education_MEAN,0.0
BURO_CREDIT_ACTIVE_Bad debt_MEAN,0.0
PREV_NAME_GOODS_CATEGORY_Direct Sales_MEAN,0.0
CLOSED_CREDIT_TYPE_Mobile operator loan_MEAN,0.0
BURO_CREDIT_ACTIVE_nan_MEAN,0.0
BURO_CREDIT_CURRENCY_currency 2_MEAN,0.0
PREV_CODE_REJECT_REASON_SYSTEM_MEAN,0.0
CLOSED_CREDIT_TYPE_Another type of loan_MEAN,0.0
PREV_NAME_CONTRACT_STATUS_nan_MEAN,0.0
NEW_RATIO_BURO_AMT_CREDIT_SUM_OVERDUE_MEAN,0.0
PREV_NAME_CASH_LOAN_PURPOSE_Building a house or an annex_MEAN,0.0
CC_SK_DPD_MIN,0.0
NEW_RATIO_BURO_CREDIT_TYPE_Another type of loan_MEAN,0.0
PREV_NAME_CASH_LOAN_PURPOSE_Journey_MEAN,0.0
PREV_NAME_CASH_LOAN_PURPOSE_Hobby_MEAN,0.0
PREV_NAME_CASH_LOAN_PURPOSE_Gasification / water supply_MEAN,0.0
PREV_NAME_CASH_LOAN_PURPOSE_Furniture_MEAN,0.0
PREV_NAME_CASH_LOAN_PURPOSE_Everyday expenses_MEAN,0.0
CC_SK_DPD_DEF_MIN,0.0
CC_SK_DPD_DEF_MAX,0.0
CC_CNT_DRAWINGS_OTHER_CURRENT_SUM,0.0
CC_CNT_DRAWINGS_OTHER_CURRENT_MIN,0.0
CC_CNT_DRAWINGS_OTHER_CURRENT_MAX,0.0
PREV_NAME_CASH_LOAN_PURPOSE_Buying a new car_MEAN,0.0
CC_CNT_DRAWINGS_ATM_CURRENT_MIN,0.0
PREV_NAME_CASH_LOAN_PURPOSE_Business development_MEAN,0.0
PREV_NAME_CASH_LOAN_PURPOSE_Buying a home_MEAN,0.0
PREV_NAME_CASH_LOAN_PURPOSE_Buying a holiday home / land_MEAN,0.0
CLOSED_AMT_CREDIT_SUM_DEBT_MIN,0.0
CLOSED_CREDIT_DAY_OVERDUE_MEAN,0.0
PREV_FLAG_LAST_APPL_PER_CONTRACT_nan_MEAN,0.0
CC_AMT_DRAWINGS_OTHER_CURRENT_MIN,0.0
CLOSED_CREDIT_DAY_OVERDUE_MAX,0.0
PREV_NAME_CLIENT_TYPE_nan_MEAN,0.0
PREV_NAME_CASH_LOAN_PURPOSE_nan_MEAN,0.0
CLOSED_CREDIT_CURRENCY_nan_MEAN,0.0
PREV_NAME_CASH_LOAN_PURPOSE_Wedding / gift / holiday_MEAN,0.0
CLOSED_CREDIT_CURRENCY_currency 4_MEAN,0.0
CLOSED_CREDIT_CURRENCY_currency 3_MEAN,0.0
CLOSED_CREDIT_CURRENCY_currency 2_MEAN,0.0
PREV_NAME_CASH_LOAN_PURPOSE_Refusal to name the goal_MEAN,0.0
CLOSED_CREDIT_CURRENCY_currency 1_MEAN,0.0
PREV_NAME_CASH_LOAN_PURPOSE_Purchase of electronic equipment_MEAN,0.0
CLOSED_CREDIT_ACTIVE_nan_MEAN,0.0
CLOSED_CREDIT_ACTIVE_Sold_MEAN,0.0
CC_AMT_DRAWINGS_ATM_CURRENT_MIN,0.0
PREV_NAME_CASH_LOAN_PURPOSE_Money for a third person_MEAN,0.0
CLOSED_CREDIT_ACTIVE_Closed_MEAN,0.0
CLOSED_CREDIT_ACTIVE_Bad debt_MEAN,0.0
CLOSED_CREDIT_ACTIVE_Active_MEAN,0.0
CLOSED_AMT_CREDIT_SUM_OVERDUE_MEAN,0.0
PREV_FLAG_LAST_APPL_PER_CONTRACT_Y_MEAN,0.0
PREV_NAME_PORTFOLIO_Cars_MEAN,0.0
PREV_NAME_GOODS_CATEGORY_House Construction_MEAN,0.0
NEW_RATIO_BURO_CREDIT_CURRENCY_currency 4_MEAN,0.0
FLAG_DOCUMENT_7,0.0
FLAG_DOCUMENT_5,0.0
ACTIVE_CREDIT_CURRENCY_currency 4_MEAN,0.0
ACTIVE_CREDIT_CURRENCY_currency 3_MEAN,0.0
FLAG_DOCUMENT_4,0.0
PREV_WEEKDAY_APPR_PROCESS_START_nan_MEAN,0.0
FLAG_DOCUMENT_9,0.0
PREV_PRODUCT_COMBINATION_nan_MEAN,0.0
ACTIVE_CREDIT_CURRENCY_currency 2_MEAN,0.0
NEW_RATIO_BURO_CREDIT_DAY_OVERDUE_MAX,0.0
FLAG_CONT_MOBILE,0.0
NEW_RATIO_BURO_CREDIT_CURRENCY_nan_MEAN,0.0
ACTIVE_CREDIT_CURRENCY_currency 1_MEAN,0.0
ACTIVE_CREDIT_ACTIVE_nan_MEAN,0.0
PREV_PRODUCT_COMBINATION_POS others without interest_MEAN,0.0
FLAG_EMP_PHONE,0.0
FLAG_MOBIL,0.0
ACTIVE_CREDIT_CURRENCY_nan_MEAN,0.0
NEW_RATIO_BURO_CREDIT_TYPE_Unknown type of loan_MEAN,0.0
ACTIVE_CREDIT_TYPE_Interbank credit_MEAN,0.0
ACTIVE_CREDIT_TYPE_Loan for business development_MEAN,0.0
ACTIVE_CREDIT_TYPE_Loan for purchase of shares (margin lending)_MEAN,0.0
ACTIVE_CREDIT_TYPE_Loan for the purchase of equipment_MEAN,0.0
ACTIVE_CREDIT_TYPE_Loan for working capital replenishment_MEAN,0.0
ACTIVE_CREDIT_TYPE_Cash loan (non-earmarked)_MEAN,0.0
ACTIVE_CREDIT_TYPE_Mobile operator loan_MEAN,0.0
NEW_RATIO_BURO_CREDIT_TYPE_Real estate loan_MEAN,0.0
NEW_RATIO_BURO_CREDIT_TYPE_nan_MEAN,0.0
ACTIVE_CREDIT_TYPE_Real estate loan_MEAN,0.0
ACTIVE_CREDIT_TYPE_Another type of loan_MEAN,0.0
ACTIVE_CREDIT_TYPE_Unknown type of loan_MEAN,0.0
PREV_NAME_PORTFOLIO_nan_MEAN,0.0
ACTIVE_CREDIT_TYPE_nan_MEAN,0.0
AMT_REQ_CREDIT_BUREAU_HOUR,0.0
NEW_RATIO_BURO_CREDIT_CURRENCY_currency 3_MEAN,0.0
NAME_CONTRACT_STATUS_Active,0.0
ACTIVE_CREDIT_ACTIVE_Closed_MEAN,0.0
NEW_RATIO_BURO_CREDIT_TYPE_Cash loan (non-earmarked)_MEAN,0.0
PREV_NAME_PRODUCT_TYPE_nan_MEAN,0.0
PREV_CHANNEL_TYPE_nan_MEAN,0.0
NEW_RATIO_BURO_CREDIT_TYPE_Interbank credit_MEAN,0.0
NEW_RATIO_BURO_CREDIT_ACTIVE_Active_MEAN,0.0
PREV_CHANNEL_TYPE_Car dealer_MEAN,0.0
NEW_RATIO_BURO_CREDIT_ACTIVE_Bad debt_MEAN,0.0
PREV_NAME_SELLER_INDUSTRY_Jewelry_MEAN,0.0
NEW_RATIO_BURO_CREDIT_TYPE_Loan for purchase of shares (margin lending)_MEAN,0.0
NEW_RATIO_BURO_CREDIT_TYPE_Loan for the purchase of equipment_MEAN,0.0
PREV_NAME_SELLER_INDUSTRY_MLM partners_MEAN,0.0
PREV_NAME_SELLER_INDUSTRY_Tourism_MEAN,0.0
PREV_NAME_SELLER_INDUSTRY_nan_MEAN,0.0
ACTIVE_CREDIT_ACTIVE_Sold_MEAN,0.0
NEW_RATIO_BURO_CREDIT_TYPE_Loan for working capital replenishment_MEAN,0.0
NEW_RATIO_BURO_CREDIT_ACTIVE_Closed_MEAN,0.0
NEW_RATIO_BURO_CREDIT_CURRENCY_currency 2_MEAN,0.0
NEW_RATIO_BURO_CREDIT_CURRENCY_currency 1_MEAN,0.0
ACTIVE_CREDIT_ACTIVE_Bad debt_MEAN,0.0
NEW_RATIO_BURO_CREDIT_ACTIVE_nan_MEAN,0.0
NEW_RATIO_BURO_CREDIT_TYPE_Mobile operator loan_MEAN,0.0
ACTIVE_CREDIT_ACTIVE_Active_MEAN,0.0
PREV_NAME_YIELD_GROUP_nan_MEAN,0.0
NEW_RATIO_BURO_CREDIT_ACTIVE_Sold_MEAN,0.0
PREV_NAME_CLIENT_TYPE_XNA_MEAN,1.1093859672546387
CLOSED_CNT_CREDIT_PROLONG_SUM,1.1276780128479005
PREV_NAME_CASH_LOAN_PURPOSE_Payments on other loans_MEAN,1.425242042541504
PREV_NAME_CASH_LOAN_PURPOSE_Education_MEAN,1.7906480789184571
NEW_RATIO_BURO_CREDIT_TYPE_Loan for business development_MEAN,2.217389965057373
ACTIVE_CREDIT_DAY_OVERDUE_MEAN,2.2731199264526367
PREV_CODE_REJECT_REASON_CLIENT_MEAN,2.344659996032715
BURO_CNT_CREDIT_PROLONG_SUM,2.5634779930114746
PREV_NAME_GOODS_CATEGORY_Homewares_MEAN,2.568880081176758
PREV_NAME_GOODS_CATEGORY_Medicine_MEAN,2.6162319660186766
BURO_CREDIT_DAY_OVERDUE_MEAN,3.0979060173034667
FLAG_DOCUMENT_6,3.3620201110839845
CLOSED_CREDIT_TYPE_Loan for business development_MEAN,3.4231639862060548
EMERGENCYSTATE_MODE,3.7403539657592773
ACTIVE_DAYS_ENDDATE_FACT_MEAN,3.90010404586792
PREV_NAME_TYPE_SUITE_Group of people_MEAN,3.940060043334961
PREV_NAME_GOODS_CATEGORY_Other_MEAN,4.5443699836730955
NEW_RATIO_BURO_MONTHS_BALANCE_MAX_MAX,5.136901950836181
NEW_DOC_IND_STD,5.298320007324219
FLAG_DOCUMENT_11,5.489804077148437
PREV_FLAG_LAST_APPL_PER_CONTRACT_N_MEAN,5.681464004516601
REG_REGION_NOT_LIVE_REGION,6.376444005966187
CLOSED_CREDIT_TYPE_Mortgage_MEAN,6.605111885070801
CC_CNT_DRAWINGS_CURRENT_MIN,7.488954162597656
PREV_NAME_CASH_LOAN_PURPOSE_Buying a used car_MEAN,8.951745986938477
CC_CNT_DRAWINGS_OTHER_CURRENT_VAR,10.454190254211426
BURO_CREDIT_TYPE_Loan for business development_MEAN,11.257878017425536
PREV_CODE_REJECT_REASON_XNA_MEAN,12.269351959228516
LIVE_REGION_NOT_WORK_REGION,12.703190135955811
PREV_CODE_REJECT_REASON_VERIF_MEAN,13.996720027923583
CLOSED_AMT_CREDIT_SUM_LIMIT_SUM,14.16213779449463
CC_CNT_INSTALMENT_MATURE_CUM_MIN,14.331887912750243
CC_COUNT,14.44739990234375
ACTIVE_CREDIT_DAY_OVERDUE_MAX,14.895305824279784
CC_SK_DPD_MAX,15.920828151702882
CC_SK_DPD_DEF_SUM,16.708554077148438
NAME_CONTRACT_STATUS_Completed,16.878333950042723
NEW_RATIO_BURO_CNT_CREDIT_PROLONG_SUM,17.571101570129393
CC_AMT_INST_MIN_REGULARITY_MIN,18.19643783569336
FLAG_OWN_CAR,18.457600402832032
CC_CNT_DRAWINGS_POS_CURRENT_MIN,21.214009952545165
REG_REGION_NOT_WORK_REGION,21.2233980178833
FLAG_EMAIL,21.28070411682129
ACTIVE_CNT_CREDIT_PROLONG_SUM,22.1717679977417
PREV_NAME_TYPE_SUITE_Other_A_MEAN,22.94135217666626
CC_AMT_DRAWINGS_OTHER_CURRENT_SUM,24.419364166259765
PREV_NAME_CASH_LOAN_PURPOSE_Car repairs_MEAN,25.404203987121583
HOUSETYPE_MODE,26.073668003082275
PREV_NAME_PAYMENT_TYPE_Non-cash from your account_MEAN,26.382279777526854
CLOSED_CREDIT_TYPE_Microloan_MEAN,26.385699844360353
NEW_RATIO_BURO_CREDIT_TYPE_Car loan_MEAN,26.51991424560547
CC_SK_DPD_DEF_VAR,26.531588077545166
NEW_RATIO_BURO_DAYS_ENDDATE_FACT_MEAN,27.414735889434816
CC_MONTHS_BALANCE_MAX,27.87896819114685
PREV_NAME_GOODS_CATEGORY_Jewelry_MEAN,27.969650268554688
NEW_INC_BY_ORG,28.366891956329347
CC_AMT_TOTAL_RECEIVABLE_VAR,29.300433826446532
PREV_NAME_GOODS_CATEGORY_Vehicles_MEAN,30.13431830406189
CC_AMT_DRAWINGS_CURRENT_MIN,32.0877459526062
CC_CNT_DRAWINGS_OTHER_CURRENT_MEAN,33.12684774398804
PREV_NAME_GOODS_CATEGORY_Auto Accessories_MEAN,33.533211898803714
CC_AMT_PAYMENT_TOTAL_CURRENT_MIN,36.64832201004028
NEW_LIVE_IND_KURT,37.50131206512451
NEW_RATIO_PREV_AMT_DOWN_PAYMENT_MIN,38.481839942932126
CC_SK_DPD_VAR,41.26755609512329
CC_MONTHS_BALANCE_MIN,43.28799991607666
AMT_REQ_CREDIT_BUREAU_WEEK,44.79530048370361
AMT_REQ_CREDIT_BUREAU_DAY,45.62021813392639
CC_AMT_DRAWINGS_OTHER_CURRENT_MEAN,46.73424997329712
PREV_NAME_CASH_LOAN_PURPOSE_Urgent needs_MEAN,46.81127214431763
CC_SK_DPD_MEAN,51.332875919342044
PREV_NAME_CASH_LOAN_PURPOSE_Other_MEAN,51.90272617340088
REG_CITY_NOT_WORK_CITY,52.39536237716675
BURO_MONTHS_BALANCE_MAX_MAX,53.54398937225342
ELEVATORS_MEDI,55.385040283203125
NONLIVINGAPARTMENTS_MODE,55.974786376953126
PREV_NAME_CASH_LOAN_PURPOSE_XAP_MEAN,56.09933586120606
NEW_RATIO_PREV_RATE_DOWN_PAYMENT_MAX,56.31245050430298
CC_AMT_TOTAL_RECEIVABLE_MIN,56.53371362686157
NEW_RATIO_PREV_RATE_DOWN_PAYMENT_MIN,56.658229446411134
CC_CNT_INSTALMENT_MATURE_CUM_MAX,56.92607641220093
PREV_NAME_SELLER_INDUSTRY_Construction_MEAN,59.29016580581665
PREV_NAME_GOODS_CATEGORY_Construction Materials_MEAN,60.41918411254883
CC_AMT_TOTAL_RECEIVABLE_SUM,60.51636428833008
PREV_NAME_SELLER_INDUSTRY_Industry_MEAN,61.01310548782349
PREV_NAME_GOODS_CATEGORY_Gardening_MEAN,62.85529375076294
CC_AMT_DRAWINGS_POS_CURRENT_MIN,62.980583381652835
PREV_NAME_SELLER_INDUSTRY_Auto technology_MEAN,64.7418776512146
CLOSED_MONTHS_BALANCE_MAX_MAX,65.54126405715942
PREV_NAME_TYPE_SUITE_Other_B_MEAN,66.65447225570679
PREV_PRODUCT_COMBINATION_POS other with interest_MEAN,67.25808029174804
BURO_CREDIT_DAY_OVERDUE_MAX,68.26281185150147
CLOSED_CREDIT_TYPE_Car loan_MEAN,68.84367198944092
NEW_RATIO_BURO_AMT_ANNUITY_MAX,71.62742614746094
PREV_NAME_CONTRACT_STATUS_Unused offer_MEAN,71.86607131958007
CC_AMT_DRAWINGS_OTHER_CURRENT_MAX,73.22016401290894
NEW_RATIO_BURO_AMT_CREDIT_SUM_DEBT_MEAN,73.54153537750244
LIVE_CITY_NOT_WORK_CITY,73.90973768234252
CC_SK_DPD_SUM,74.28520359992982
CLOSED_AMT_CREDIT_SUM_LIMIT_MEAN,75.63745946884156
PREV_NAME_CASH_LOAN_PURPOSE_Medicine_MEAN,76.77072019577027
REFUSED_AMT_DOWN_PAYMENT_MIN,76.882581615448
REFUSED_AMT_DOWN_PAYMENT_MEAN,80.61885223388671
FLAG_OWN_REALTY,80.64071025848389
NEW_LIVE_IND_SUM,80.85744380950928
ELEVATORS_MODE,81.81977548599244
PREV_PRODUCT_COMBINATION_POS mobile without interest_MEAN,84.19894504547119
NONLIVINGAPARTMENTS_MEDI,85.72304620742798
PREV_NAME_CASH_LOAN_PURPOSE_Repairs_MEAN,87.07724561691285
INSTAL_INSTALLMENTS_DAY_DIFF_MAX,88.31928701400757
CNT_CHILDREN,89.08658571243286
REFUSED_RATE_DOWN_PAYMENT_MIN,90.85131397247315
PREV_PRODUCT_COMBINATION_POS industry without interest_MEAN,92.08392038345337
FLOORSMIN_MEDI,92.14653635025024
CNT_FAM_MEMBERS,94.37437601089478
PREV_NAME_SELLER_INDUSTRY_Clothing_MEAN,95.7314980506897
NEW_LIVE_IND_STD,95.86775779724121
NEW_RATIO_BURO_AMT_CREDIT_SUM_DEBT_MIN,99.5801263809204
ACTIVE_CREDIT_TYPE_Car loan_MEAN,100.76694889068604
FLOORSMIN_MODE,103.41863412857056
CC_CNT_INSTALMENT_MATURE_CUM_SUM,104.26129398345947
PREV_NAME_GOODS_CATEGORY_Clothing and Accessories_MEAN,106.04042749404907
CC_AMT_DRAWINGS_OTHER_CURRENT_VAR,107.06570892333984
CC_AMT_CREDIT_LIMIT_ACTUAL_MAX,107.48185214996337
CC_CNT_DRAWINGS_ATM_CURRENT_MAX,107.77068367004395
NEW_RATIO_BURO_CREDIT_TYPE_Microloan_MEAN,107.93027172088622
NEW_RATIO_PREV_AMT_DOWN_PAYMENT_MEAN,108.32284021377563
NEW_RATIO_BURO_AMT_CREDIT_SUM_DEBT_MAX,110.37049045562745
FLAG_DOCUMENT_8,110.97180995941162
INSTAL_PAYMENT_PERC_MAX,112.00973081588745
FLOORSMAX_MODE,112.04898805618286
CC_AMT_TOTAL_RECEIVABLE_MAX,114.39414358139038
NEW_RATIO_BURO_CREDIT_TYPE_Mortgage_MEAN,117.30886430740357
REFUSED_AMT_DOWN_PAYMENT_MAX,119.21244602203369
PREV_NAME_TYPE_SUITE_Children_MEAN,121.16024827957153
NEW_RATIO_BURO_AMT_CREDIT_SUM_LIMIT_SUM,121.55872402191162
NAME_CONTRACT_STATUS_Active_POS,122.0195140838623
FONDKAPREMONT_MODE,124.15942029953003
CC_MONTHS_BALANCE_MEAN,131.20739765167235
CC_CNT_DRAWINGS_POS_CURRENT_SUM,134.51294231414795
REFUSED_RATE_DOWN_PAYMENT_MAX,135.8686547279358
CC_MONTHS_BALANCE_SUM,135.91450033187866
CC_AMT_DRAWINGS_POS_CURRENT_MEAN,136.5044701576233
CLOSED_CNT_CREDIT_PROLONG_COUNT,138.9825915336609
PREV_PRODUCT_COMBINATION_Cash Street: middle_MEAN,140.5604778289795
CC_AMT_TOTAL_RECEIVABLE_MEAN,142.78201332092286
FLAG_PHONE,142.9297814846039
CC_AMT_RECIVABLE_SUM,143.39267988204955
CC_CNT_INSTALMENT_MATURE_CUM_MEAN,146.33075971603392
POS_CNT_INSTALMENT_FUTURE_MIN,147.02740564346314
PREV_NAME_SELLER_INDUSTRY_Furniture_MEAN,149.9145975112915
NEW_RATIO_PREV_RATE_DOWN_PAYMENT_MEAN,150.33996210098266
REFUSED_RATE_DOWN_PAYMENT_MEAN,150.8001130104065
REFUSED_HOUR_APPR_PROCESS_START_MAX,154.9683123588562
FLOORSMIN_AVG,155.07093992233277
NAME_CONTRACT_STATUS_Completed_POS,155.3713210105896
CC_AMT_INST_MIN_REGULARITY_SUM,157.6326379776001
CC_MONTHS_BALANCE_VAR,158.50768508911133
AMT_REQ_CREDIT_BUREAU_MON,159.88147773742676
ACTIVE_MONTHS_BALANCE_MAX_MAX,160.91730184555053
CC_AMT_RECEIVABLE_PRINCIPAL_SUM,161.70706644058228
CC_AMT_BALANCE_SUM,164.14475412368773
PREV_NAME_GOODS_CATEGORY_Sport and Leisure_MEAN,164.47562456130981
YEARS_BUILD_MEDI,168.32414379119874
PREV_PRODUCT_COMBINATION_Card X-Sell_MEAN,169.42696390151977
CC_AMT_DRAWINGS_POS_CURRENT_VAR,171.4956810951233
NEW_RATIO_PREV_AMT_DOWN_PAYMENT_MAX,174.76327486038207
CC_AMT_DRAWINGS_CURRENT_MAX,179.1192018508911
CC_AMT_INST_MIN_REGULARITY_MAX,180.39692802429198
ENTRANCES_MODE,181.77495679855346
NONLIVINGAPARTMENTS_AVG,182.1401819229126
NEW_RATIO_BURO_AMT_ANNUITY_MEAN,183.5103286743164
CC_AMT_INST_MIN_REGULARITY_MEAN,184.7893458366394
CLOSED_AMT_CREDIT_SUM_DEBT_MAX,185.3611276626587
REGION_RATING_CLIENT,186.36896867752074
closed_loans,187.16700954437255
CC_CNT_INSTALMENT_MATURE_CUM_VAR,191.48587322235107
REFUSED_AMT_APPLICATION_MEAN,194.0969883918762
BURO_CREDIT_ACTIVE_Sold_MEAN,195.51509809494019
PREV_PRODUCT_COMBINATION_POS household without interest_MEAN,197.95233249664307
CLOSED_AMT_CREDIT_SUM_DEBT_MEAN,200.7818072319031
ENTRANCES_MEDI,203.8704306602478
ELEVATORS_AVG,208.59074172973632
CC_AMT_DRAWINGS_POS_CURRENT_MAX,209.1340019226074
PREV_CHANNEL_TYPE_Regional / Local_MEAN,209.56289186477662
PREV_PRODUCT_COMBINATION_Card Street_MEAN,211.208673286438
DAYS_EMPLOYED_PERC,211.98260707855223
FLOORSMAX_MEDI,218.61557779312133
REFUSED_AMT_CREDIT_MEAN,221.4045841217041
PREV_CODE_REJECT_REASON_HC_MEAN,221.75923957824708
NAME_TYPE_SUITE,222.46667203903198
CC_AMT_RECEIVABLE_PRINCIPAL_VAR,224.61042232513427
CC_AMT_RECEIVABLE_PRINCIPAL_MIN,226.6498990058899
LIVINGAPARTMENTS_MODE,226.8980442047119
NONLIVINGAREA_MEDI,227.68466815948486
CC_AMT_CREDIT_LIMIT_ACTUAL_MIN,227.79479637145997
REFUSED_AMT_GOODS_PRICE_MAX,230.12221326828003
CC_CNT_DRAWINGS_CURRENT_SUM,230.4434103012085
INSTAL_INSTALLMENTS_DIFF_VAR,232.03533096313475
PREV_NAME_GOODS_CATEGORY_Photo / Cinema Equipment_MEAN,241.2754340171814
AMT_CREDIT_AMT_CREDIT,242.99210777282715
REFUSED_AMT_GOODS_PRICE_MIN,244.38196697235108
CC_AMT_PAYMENT_TOTAL_CURRENT_VAR,245.04012308120727
YEARS_BUILD_AVG,246.21841230392457
CLOSED_CREDIT_TYPE_Credit card_MEAN,247.39034767150878
PREV_NAME_GOODS_CATEGORY_XNA_MEAN,248.31141138076782
CC_AMT_RECIVABLE_VAR,248.32114286422728
CC_AMT_PAYMENT_CURRENT_MIN,249.509108543396
CC_AMT_DRAWINGS_CURRENT_SUM,252.95037593841553
CC_AMT_RECEIVABLE_PRINCIPAL_MAX,258.16700925827024
PREV_NAME_CONTRACT_TYPE_Revolving loans_MEAN,261.18079681396483
INSTAL_INSTALLMENTS_DIFF_INSTALLMENTS_DIFF_MEAN,265.5722985267639
CC_AMT_RECIVABLE_MIN,266.79415903091433
"PREV_NAME_TYPE_SUITE_Spouse, partner_MEAN",267.1237092971802
REFUSED_AMT_APPLICATION_MIN,268.7590274810791
LIVINGAPARTMENTS_AVG,268.8504238128662
LIVINGAPARTMENTS_MEDI,269.0783761978149
FLAG_DOCUMENT_18,269.1255757331848
CC_AMT_RECIVABLE_MAX,269.4062657356262
PREV_NAME_PORTFOLIO_Cards_MEAN,272.6919859886169
NEW_RATIO_PREV_AMT_APPLICATION_MAX,273.24603805541994
CC_CNT_DRAWINGS_POS_CURRENT_VAR,273.9119532585144
POS_COUNT,276.91973485946653
EXT_SOURCE_1_1,279.2007807731628
INSTAL_INSTALLMENTS_DIFF_INSTALLMENTS_DIFF_VAR,280.84780368804934
PREV_CODE_REJECT_REASON_LIMIT_MEAN,280.93734254837034
CC_CNT_DRAWINGS_POS_CURRENT_MAX,281.6374585151672
BURO_AMT_CREDIT_SUM_LIMIT_SUM,283.82171511650085
NEW_RATIO_BURO_AMT_CREDIT_MAX_OVERDUE_MEAN,284.071568107605
PREV_AMT_GOODS_PRICE_MAX,284.12064666748046
BURO_CNT_CREDIT_PROLONG_COUNT,285.9070244789124
CLOSED_CREDIT_TYPE_Consumer credit_MEAN,286.4768642902374
PREV_PRODUCT_COMBINATION_Cash X-Sell: middle_MEAN,286.69582471847536
POS_SK_DPD_MAX,289.1423864364624
PREV_NAME_CONTRACT_TYPE_Consumer loans_MEAN,289.2207549095154
EXT_SOURCE_2_2,291.5400312423706
CC_AMT_DRAWINGS_ATM_CURRENT_MAX,291.7007618904114
REFUSED_APP_CREDIT_PERC_MAX,291.9887445449829
REFUSED_AMT_CREDIT_MAX,292.4082095146179
REFUSED_AMT_APPLICATION_MAX,292.92387495040896
CC_SK_DPD_DEF_MEAN,294.0640326499939
INSTAL_INSTALLMENTS_DIFF_INSTALLMENTS_DIFF_SUM,295.05355615615844
PREV_PRODUCT_COMBINATION_POS mobile with interest_MEAN,296.4942195892334
CLOSED_MONTHS_BALANCE_MIN_MIN,296.5442403793335
previous_loans,298.0215700149536
NEW_RATIO_PREV_APP_CREDIT_PERC_VAR,298.35949602127073
ACTIVE_MONTHS_BALANCE_MIN_MIN,298.79383459091184
PREV_NAME_CONTRACT_TYPE_Cash loans_MEAN,299.155742931366
CC_CNT_DRAWINGS_POS_CURRENT_MEAN,299.5112650871277
BASEMENTAREA_AVG,301.0334568977356
COMMONAREA_AVG,303.49270992279054
PREV_NAME_PORTFOLIO_XNA_MEAN,304.29749603271483
PREV_PRODUCT_COMBINATION_Cash_MEAN,307.69834365844724
NEW_RATIO_BURO_AMT_CREDIT_SUM_LIMIT_MEAN,312.3331480026245
ENTRANCES_AVG,313.8481632232666
REFUSED_AMT_ANNUITY_MAX,322.91036167144773
BASEMENTAREA_MEDI,323.1087811470032
PREV_NAME_GOODS_CATEGORY_Computers_MEAN,323.56360549926757
ACTIVE_AMT_ANNUITY_MEAN,323.6541308403015
NONLIVINGAREA_MODE,326.38559312820433
COMMONAREA_MODE,326.8377076148987
NEW_RATIO_BURO_MONTHS_BALANCE_MIN_MIN,328.0972904205322
PREV_NAME_GOODS_CATEGORY_Audio/Video_MEAN,329.1412305831909
NEW_RATIO_PREV_AMT_CREDIT_MEAN,329.2426199913025
PREV_NAME_GOODS_CATEGORY_Consumer Electronics_MEAN,330.42581729888917
REFUSED_AMT_GOODS_PRICE_MEAN,333.02347707748413
NEW_RATIO_BURO_MONTHS_BALANCE_SIZE_MEAN,336.3472950935364
PREV_HOUR_APPR_PROCESS_START_MIN,337.88552675247195
NEW_RATIO_PREV_AMT_APPLICATION_MEAN,340.49751205444335
CC_AMT_PAYMENT_TOTAL_CURRENT_MAX,341.8555467605591
NAME_CONTRACT_TYPE,342.6394786834717
REFUSED_AMT_ANNUITY_MEAN,343.67858800888064
YEARS_BUILD_MODE,344.78457193374635
CLOSED_AMT_ANNUITY_MEAN,348.8668210029602
CC_AMT_CREDIT_LIMIT_ACTUAL_VAR,351.19503536224363
CLOSED_DAYS_ENDDATE_FACT_MEAN,354.10643072128295
REFUSED_CNT_PAYMENT_SUM,357.89499979019166
CC_CNT_DRAWINGS_ATM_CURRENT_SUM,358.4127492904663
LANDAREA_MEDI,358.5390026092529
NONLIVINGAREA_AVG,358.5703507900238
AMT_REQ_CREDIT_BUREAU_YEAR,363.9131537437439
CC_AMT_DRAWINGS_POS_CURRENT_SUM,364.88130083084104
PREV_NAME_PORTFOLIO_POS_MEAN,366.3586379051209
NEW_RATIO_PREV_AMT_GOODS_PRICE_MIN,368.1279267311096
PREV_CODE_REJECT_REASON_SCOFR_MEAN,372.13128662109375
CC_AMT_BALANCE_MAX,373.06531286239624
INSTAL_INSTALLMENTS_DIFF_INSTALLMENTS_DIFF_MAX,374.013737487793
CC_AMT_DRAWINGS_CURRENT_MEAN,374.13692502975465
COMMONAREA_MEDI,374.5659945487976
CC_AMT_DRAWINGS_CURRENT_VAR,377.97421016693113
ACTIVE_AMT_ANNUITY_MAX,383.0807177066803
CC_AMT_BALANCE_VAR,383.29094591140745
PREV_NAME_CASH_LOAN_PURPOSE_XNA_MEAN,385.8802534103394
ACTIVE_CREDIT_TYPE_Credit card_MEAN,387.4762310028076
EXT_SOURCE_3_3,388.3380870819092
PREV_NAME_SELLER_INDUSTRY_XNA_MEAN,390.13447132110593
APPROVED_AMT_DOWN_PAYMENT_MIN,393.8607682228088
BURO_AMT_ANNUITY_MAX,394.6855387687683
NEW_RATIO_PREV_HOUR_APPR_PROCESS_START_MAX,401.083083152771
PREV_NAME_GOODS_CATEGORY_Furniture_MEAN,401.2653115272522
CC_AMT_DRAWINGS_ATM_CURRENT_SUM,401.7572367668152
NEW_RATIO_PREV_AMT_APPLICATION_MIN,401.8188130378723
BASEMENTAREA_MODE,403.9501895904541
NEW_RATIO_PREV_HOUR_APPR_PROCESS_START_MIN,405.85185861587524
APPROVED_RATE_DOWN_PAYMENT_MIN,407.16546058654785
POS_SK_DPD_MEAN,407.5053230285645
PREV_AMT_DOWN_PAYMENT_MIN,411.06875653266906
PREV_NAME_CONTRACT_STATUS_Canceled_MEAN,411.4499852657318
NEW_RATIO_PREV_AMT_GOODS_PRICE_MAX,411.51293687820436
CLOSED_MONTHS_BALANCE_SIZE_SUM,411.7663408279419
ACTIVE_CREDIT_TYPE_Mortgage_MEAN,413.05646829605104
OBS_60_CNT_SOCIAL_CIRCLE,414.12476272583007
PREV_WEEKDAY_APPR_PROCESS_START_SUNDAY_MEAN,415.87717218399047
CC_AMT_PAYMENT_TOTAL_CURRENT_SUM,416.80626983642577
NEW_RATIO_BURO_MONTHS_BALANCE_SIZE_SUM,416.90097494125365
PREV_NAME_PORTFOLIO_Cash_MEAN,418.9660487174988
PREV_CHANNEL_TYPE_Contact center_MEAN,419.7644608974457
NEW_RATIO_BURO_CREDIT_TYPE_Credit card_MEAN,419.8628518104553
REFUSED_HOUR_APPR_PROCESS_START_MIN,422.0511454582214
PREV_CHANNEL_TYPE_Stone_MEAN,423.9417908668518
NEW_RATIO_PREV_APP_CREDIT_PERC_MIN,425.1044674873352
NEW_DOC_IND_AVG,427.9476274490356
REFUSED_APP_CREDIT_PERC_VAR,435.0766287326813
LANDAREA_AVG,437.3225218772888
APPROVED_HOUR_APPR_PROCESS_START_MIN,438.61633682250977
PREV_AMT_APPLICATION_MIN,440.4002923965454
OBS_30_CNT_SOCIAL_CIRCLE,440.7901802062988
BURO_MONTHS_BALANCE_MIN_MIN,444.35664863586425
PREV_AMT_APPLICATION_MAX,445.39318227767944
PREV_NAME_PRODUCT_TYPE_x-sell_MEAN,445.4245037078857
LIVINGAREA_MODE,450.09660024642943
BURO_AMT_ANNUITY_MEAN,454.52848439216615
BURO_CREDIT_TYPE_Car loan_MEAN,456.1622026920319
CC_AMT_PAYMENT_CURRENT_VAR,462.5820153236389
REFUSED_APP_CREDIT_PERC_MEAN,463.3441585540771
NEW_RATIO_PREV_AMT_ANNUITY_MEAN,463.47218856811526
YEARS_BEGINEXPLUATATION_AVG,463.53136987686156
FLOORSMAX_AVG,463.7445140838623
APARTMENTS_MEDI,466.28076086044314
LIVINGAREA_MEDI,468.22979526519777
PREV_NAME_GOODS_CATEGORY_Mobile_MEAN,468.8562963485718
CLOSED_AMT_ANNUITY_MAX,470.4736264228821
PREV_CODE_REJECT_REASON_SCO_MEAN,476.43752393722536
PREV_RATE_DOWN_PAYMENT_MIN,477.3972839832306
APPROVED_AMT_GOODS_PRICE_MAX,478.58510847091674
CC_AMT_PAYMENT_CURRENT_MAX,478.65111541748047
BURO_AMT_CREDIT_SUM_DEBT_MIN,479.0244234085083
NEW_RATIO_PREV_CNT_PAYMENT_MEAN,479.26941070556643
PREV_NAME_PAYMENT_TYPE_Cash through the bank_MEAN,480.1461950302124
CC_AMT_CREDIT_LIMIT_ACTUAL_SUM,481.92730016708373
NEW_RATIO_PREV_AMT_CREDIT_MIN,482.2168972015381
PREV_NAME_CLIENT_TYPE_Repeater_MEAN,483.4242390632629
BURO_DAYS_ENDDATE_FACT_MEAN,483.9483340263367
AMT_ANNUITY_AMT_ANNUITY,487.8547522544861
ACTIVE_MONTHS_BALANCE_SIZE_SUM,489.82779693603516
BURO_CREDIT_ACTIVE_Active_MEAN,491.48051443099973
LIVINGAREA_AVG,491.9551392555237
PREV_NAME_PRODUCT_TYPE_XNA_MEAN,492.8871088027954
PREV_CHANNEL_TYPE_Channel of corporate sales_MEAN,496.37843656539917
NEW_RATIO_PREV_AMT_GOODS_PRICE_MEAN,501.07104263305666
PREV_NAME_TYPE_SUITE_Family_MEAN,503.457125377655
CC_AMT_DRAWINGS_ATM_CURRENT_VAR,504.5118287086487
PREV_PRODUCT_COMBINATION_POS household with interest_MEAN,512.5780565261841
NAME_HOUSING_TYPE,514.8640176773072
NEW_RATIO_PREV_HOUR_APPR_PROCESS_START_MEAN,515.7729908943177
LANDAREA_MODE,516.1936640739441
ACTIVE_CREDIT_TYPE_Consumer credit_MEAN,525.4377799987793
REFUSED_DAYS_DECISION_MIN,526.8031324386596
PREV_CHANNEL_TYPE_AP+ (Cash loan)_MEAN,527.1898765563965
APPROVED_AMT_CREDIT_MEAN,528.9668929100037
APPROVED_AMT_GOODS_PRICE_MEAN,530.4118884563446
PREV_AMT_CREDIT_MIN,531.3228786468505
CC_AMT_PAYMENT_TOTAL_CURRENT_MEAN,534.454414653778
ACTIVE_AMT_CREDIT_SUM_OVERDUE_MEAN,538.9122078895568
CC_AMT_RECEIVABLE_PRINCIPAL_MEAN,539.9576457977295
CC_AMT_INST_MIN_REGULARITY_VAR,547.1991457939148
PREV_WEEKDAY_APPR_PROCESS_START_TUESDAY_MEAN,550.5928800582885
REFUSED_HOUR_APPR_PROCESS_START_MEAN,556.5096323013306
NEW_RATIO_BURO_CREDIT_TYPE_Consumer credit_MEAN,557.3761274337769
APARTMENTS_MODE,568.017312335968
APPROVED_RATE_DOWN_PAYMENT_MEAN,579.5883191108703
APPROVED_AMT_APPLICATION_MEAN,581.7923444747925
PREV_PRODUCT_COMBINATION_POS industry with interest_MEAN,582.7032752990723
PREV_CHANNEL_TYPE_Country-wide_MEAN,583.9405913352966
PREV_AMT_GOODS_PRICE_MEAN,589.257456445694
YEARS_BEGINEXPLUATATION_MEDI,590.8472279548645
REFUSED_CNT_PAYMENT_MEAN,593.2716944694519
CC_AMT_RECIVABLE_MEAN,595.4563176155091
NEW_RATIO_PREV_DAYS_DECISION_MEAN,600.1061368942261
NEW_RATIO_PREV_AMT_ANNUITY_MIN,600.4678327560425
YEARS_BEGINEXPLUATATION_MODE,611.5207598686218
CLOSED_MONTHS_BALANCE_SIZE_MEAN,614.9131724357605
APARTMENTS_AVG,616.1837054252625
BURO_CREDIT_TYPE_Consumer credit_MEAN,616.5948036193847
CC_CNT_DRAWINGS_CURRENT_MAX,619.4110907554626
PREV_NAME_CLIENT_TYPE_Refreshed_MEAN,626.0292759895325
PREV_NAME_SELLER_INDUSTRY_Consumer electronics_MEAN,628.749129486084
REFUSED_AMT_ANNUITY_MIN,629.7384702682496
PREV_WEEKDAY_APPR_PROCESS_START_WEDNESDAY_MEAN,632.1016277313232
NEW_RATIO_PREV_AMT_ANNUITY_MAX,632.930547618866
PREV_NAME_PAYMENT_TYPE_XNA_MEAN,633.5836950302124
AMT_REQ_CREDIT_BUREAU_QRT,634.6688923835754
CC_AMT_BALANCE_MIN,638.0609228134156
CC_AMT_PAYMENT_CURRENT_SUM,639.644016122818
BURO_MONTHS_BALANCE_SIZE_SUM,642.7849613189697
NEW_RATIO_PREV_APP_CREDIT_PERC_MEAN,646.2628634452819
CLOSED_DAYS_CREDIT_ENDDATE_MIN,651.0383358001709
PREV_AMT_APPLICATION_MEAN,658.6078340530396
INSTAL_NUM_INSTALMENT_VERSION_NUNIQUE,661.0200744628906
PREV_AMT_CREDIT_MAX,663.8169239997864
ACTIVE_AMT_CREDIT_SUM_LIMIT_SUM,669.680331325531
BURO_DAYS_CREDIT_UPDATE_MIN,669.8959345817566
INSTAL_PAYMENT_PERC_VAR,671.1164048194885
PREV_NAME_YIELD_GROUP_XNA_MEAN,671.9561265945434
APPROVED_AMT_DOWN_PAYMENT_MEAN,675.3086157798767
PREV_CHANNEL_TYPE_Credit and cash offices_MEAN,676.8516139030456
CC_AMT_PAYMENT_CURRENT_MEAN,682.5533049583435
PREV_WEEKDAY_APPR_PROCESS_START_FRIDAY_MEAN,686.331966304779
PREV_WEEKDAY_APPR_PROCESS_START_SATURDAY_MEAN,686.4763301849365
POS_CNT_INSTALMENT_MIN,695.2402019500732
WALLSMATERIAL_MODE,697.8636850357055
CLOSED_DAYS_CREDIT_MIN,697.9159183502197
NEW_RATIO_PREV_APP_CREDIT_PERC_MAX,698.9546080589295
ACTIVE_CNT_CREDIT_PROLONG_COUNT,712.1507653236389
NEW_RATIO_PREV_DAYS_DECISION_MIN,713.0766117095948
CC_AMT_DRAWINGS_ATM_CURRENT_MEAN,717.459440612793
INSTAL_DPD_SUM,718.8333813667298
PREV_WEEKDAY_APPR_PROCESS_START_MONDAY_MEAN,721.4447452545166
INSTAL_INSTALLMENTS_DAY_DIFF_INSTALLMENTS_DAY_DIFF_MAX,726.814674949646
NEW_RATIO_PREV_AMT_CREDIT_MAX,735.8150153160095
BURO_MONTHS_BALANCE_SIZE_MEAN,736.2838871002198
BURO_DAYS_CREDIT_ENDDATE_MIN,736.4898896217346
NEW_DOC_IND_KURT,742.0199052810669
REG_CITY_NOT_LIVE_CITY,743.3252801895142
PREV_PRODUCT_COMBINATION_Cash Street: high_MEAN,746.8537578582764
CC_AMT_BALANCE_MEAN,748.2454409599304
APPROVED_AMT_CREDIT_MAX,758.9644031524658
INSTAL_COUNT,769.9297738075256
BURO_CREDIT_TYPE_Credit card_MEAN,771.6339687347412
PREV_CODE_REJECT_REASON_XAP_MEAN,775.6133848190308
INSTAL_INSTALLMENTS_DIFF_INSTALLMENTS_DAY_DIFF_VAR,780.4655358314515
POS_SK_DPD_DEF_MAX,782.7391883850098
CLOSED_DAYS_CREDIT_MEAN,784.2697496414185
PREV_AMT_DOWN_PAYMENT_MEAN,784.3888284683228
PREV_PRODUCT_COMBINATION_Cash Street: low_MEAN,793.8489718437195
PREV_NAME_YIELD_GROUP_middle_MEAN,793.8962950706482
REFUSED_AMT_CREDIT_MIN,794.3825386047363
PREV_HOUR_APPR_PROCESS_START_MAX,800.8608839035035
CLOSED_DAYS_CREDIT_UPDATE_MIN,802.7652359008789
APPROVED_AMT_APPLICATION_MAX,806.7751003742218
APPROVED_RATE_DOWN_PAYMENT_MAX,809.542435836792
DEF_60_CNT_SOCIAL_CIRCLE,815.0005911827087
NEW_RATIO_BURO_DAYS_CREDIT_UPDATE_MIN,816.4126347064972
PREV_WEEKDAY_APPR_PROCESS_START_THURSDAY_MEAN,821.6193333625794
NEW_RATIO_PREV_CNT_PAYMENT_SUM,826.076214504242
HOUR_APPR_PROCESS_START,829.1302941322326
NAME_INCOME_TYPE,831.822868680954
PREV_PRODUCT_COMBINATION_Cash X-Sell: high_MEAN,833.1923503875732
BURO_AMT_CREDIT_SUM_LIMIT_MEAN,834.5391974925994
ACTIVE_MONTHS_BALANCE_SIZE_MEAN,837.7829338073731
CLOSED_DAYS_CREDIT_ENDDATE_MEAN,839.676588010788
CLOSED_DAYS_CREDIT_UPDATE_MEAN,843.1772009849549
PREV_AMT_ANNUITY_MAX,850.7780646800995
APPROVED_AMT_CREDIT_MIN,853.0853540420533
ACTIVE_DAYS_CREDIT_UPDATE_MAX,858.6502974510192
APPROVED_HOUR_APPR_PROCESS_START_MAX,859.6794308662414
APPROVED_AMT_APPLICATION_MIN,861.1178369522095
NEW_RATIO_BURO_DAYS_CREDIT_UPDATE_MEAN,867.1779315948486
INSTAL_DPD_MAX,871.239377117157
PREV_AMT_CREDIT_MEAN,876.6650840759278
NEW_RATIO_BURO_DAYS_CREDIT_VAR,878.369053554535
INSTAL_INSTALLMENTS_DIFF_SUM,882.601083278656
NEW_RATIO_BURO_CNT_CREDIT_PROLONG_COUNT,888.1023327350616
INSTAL_DBD_MAX,888.255654335022
PREV_RATE_DOWN_PAYMENT_MEAN,895.221818637848
PREV_AMT_GOODS_PRICE_MIN,902.1033884048462
PREV_NAME_CLIENT_TYPE_New_MEAN,904.6052646636963
REFUSED_DAYS_DECISION_MEAN,916.1978717803955
NEW_RATIO_BURO_DAYS_CREDIT_MIN,927.0025276184082
INSTAL_AMT_INSTALMENT_MEAN,933.3117441177368
NEW_RATIO_BURO_DAYS_CREDIT_ENDDATE_MEAN,934.841522026062
PREV_RATE_DOWN_PAYMENT_MAX,942.0852149009704
INSTAL_DBD_MEAN,944.2347949028015
NEW_INC_PER_CHLD,945.5611825942993
AMT_INCOME_TOTAL,945.5967174053192
PREV_CNT_PAYMENT_SUM,948.5135491371154
CC_AMT_CREDIT_LIMIT_ACTUAL_MEAN,948.7504237174987
BURO_DAYS_CREDIT_MIN,960.3084003448487
APPROVED_AMT_GOODS_PRICE_MIN,964.6940893173218
BURO_DAYS_CREDIT_UPDATE_MEAN,970.391794013977
INSTAL_INSTALLMENTS_DIFF_INSTALLMENTS_DAY_DIFF_SUM,970.4862629890442
PREV_NAME_YIELD_GROUP_low_normal_MEAN,978.0550101280212
PREV_NAME_SELLER_INDUSTRY_Connectivity_MEAN,989.2308979988098
PREV_PRODUCT_COMBINATION_Cash X-Sell: low_MEAN,993.4544437408447
APPROVED_APP_CREDIT_PERC_MEAN,1006.6563897132874
INSTAL_INSTALLMENTS_DIFF_MAX,1010.5416354179382
NEW_RATIO_BURO_DAYS_CREDIT_UPDATE_MAX,1012.2598407745361
NEW_RATIO_BURO_AMT_CREDIT_SUM_MIN,1040.6387442588807
ACTIVE_DAYS_CREDIT_MIN,1047.4386754989623
NEW_RATIO_BURO_AMT_CREDIT_SUM_MEAN,1069.261118030548
ACTIVE_DAYS_CREDIT_UPDATE_MIN,1094.2963242530823
PREV_NAME_PRODUCT_TYPE_walk-in_MEAN,1094.6428219795228
NEW_RATIO_BURO_DAYS_CREDIT_ENDDATE_MIN,1096.1108976364135
APPROVED_AMT_ANNUITY_MIN,1105.8165696144104
BURO_DAYS_CREDIT_UPDATE_MAX,1122.3481251716614
APPROVED_HOUR_APPR_PROCESS_START_MEAN,1134.2653656959533
NEW_RATIO_BURO_DAYS_CREDIT_MEAN,1138.809329032898
BURO_AMT_CREDIT_SUM_DEBT_MAX,1152.7135969161986
ACTIVE_DAYS_CREDIT_VAR,1160.3224553108216
POS_CNT_INSTALMENT_MEAN,1162.0220436096192
APPROVED_APP_CREDIT_PERC_MIN,1164.208148241043
INSTAL_INSTALLMENTS_DAY_DIFF_INSTALLMENTS_DAY_DIFF_VAR,1168.4018821716309
INCOME_PER_PERSON,1174.727661561966
BURO_CREDIT_TYPE_Mortgage_MEAN,1209.0537467002869
ACTIVE_CREDIT_TYPE_Microloan_MEAN,1218.266890144348
INSTAL_INSTALLMENTS_DAY_DIFF_INSTALLMENTS_DAY_DIFF_MEAN,1234.007945251465
ACTIVE_DAYS_CREDIT_UPDATE_MEAN,1242.4461955070497
APPROVED_APP_CREDIT_PERC_VAR,1245.8676374435424
CLOSED_AMT_CREDIT_SUM_MIN,1252.9849744796752
BURO_AMT_CREDIT_SUM_OVERDUE_MEAN,1254.2722081184388
FLAG_WORK_PHONE,1273.1810998916626
ACTIVE_AMT_CREDIT_SUM_DEBT_MAX,1273.8683213233949
PREV_NAME_TYPE_SUITE_Unaccompanied_MEAN,1282.161588191986
BURO_DAYS_CREDIT_VAR,1299.8294208049774
APPROVED_DAYS_DECISION_MEAN,1310.6079246520997
CLOSED_AMT_CREDIT_MAX_OVERDUE_MEAN,1346.6091126441956
PREV_NAME_TYPE_SUITE_nan_MEAN,1347.3398270606995
APPROVED_AMT_ANNUITY_MAX,1347.6364825248718
REFUSED_APP_CREDIT_PERC_MIN,1373.1015778541564
ACTIVE_AMT_CREDIT_SUM_MEAN,1377.5146452903748
TOTALAREA_MODE,1393.5745349884032
PREV_DAYS_DECISION_MEAN,1403.5222292900085
INSTAL_INSTALLMENTS_DAY_DIFF_INSTALLMENTS_DAY_DIFF_SUM,1428.0930362701415
REFUSED_DAYS_DECISION_MAX,1439.5751252174377
APPROVED_DAYS_DECISION_MIN,1444.0833973884583
ACTIVE_AMT_CREDIT_SUM_LIMIT_MEAN,1452.7496789932252
PREV_APP_CREDIT_PERC_VAR,1481.399710035324
INSTAL_INSTALLMENTS_DAY_DIFF_MEAN,1490.3861680984496
PREV_AMT_DOWN_PAYMENT_MAX,1499.096715259552
INSTAL_PAYMENT_PERC_SUM,1511.8065976142884
APPROVED_APP_CREDIT_PERC_MAX,1526.6190344810486
PREV_HOUR_APPR_PROCESS_START_MEAN,1530.4156940460205
PREV_NAME_YIELD_GROUP_low_action_MEAN,1534.739490032196
INSTAL_DBD_SUM,1536.520953273773
NEW_RATIO_BURO_DAYS_CREDIT_ENDDATE_MAX,1540.7003782272338
INSTAL_AMT_PAYMENT_MAX,1541.4517857074738
DAYS_LAST_PHONE_CHANGE,1550.7559673309327
PREV_AMT_ANNUITY_MIN,1582.9496408462524
PREV_DAYS_DECISION_MAX,1623.3184723854065
ACTIVE_DAYS_CREDIT_MEAN,1624.7144832611084
WEEKDAY_APPR_PROCESS_START,1661.9665286064148
CLOSED_AMT_CREDIT_SUM_MAX,1677.7310164451599
INSTAL_INSTALLMENTS_DAY_DIFF_VAR,1694.5228271484375
NEW_PHONE_TO_EMPLOY_RATIO,1700.5591070175171
PREV_APP_CREDIT_PERC_MAX,1713.6287412643433
NEW_PHONE_TO_BIRTH_RATIO,1754.3377985000611
POS_CNT_INSTALMENT_FUTURE_MAX,1769.3408925056458
PREV_AMT_ANNUITY_MEAN,1770.1472929000854
BURO_AMT_CREDIT_SUM_MIN,1771.0015750885009
PREV_NAME_CONTRACT_STATUS_Approved_MEAN,1782.178346157074
INSTAL_AMT_INSTALMENT_MAX,1803.8131116867066
NEW_RATIO_BURO_AMT_CREDIT_SUM_MAX,1807.414049911499
ACTIVE_AMT_CREDIT_SUM_MAX,1811.9025552749633
NEW_SCORES_STD,1825.0005089759827
BURO_DAYS_CREDIT_ENDDATE_MEAN,1845.154198551178
CLOSED_DAYS_CREDIT_ENDDATE_MAX,1851.4366896629333
NEW_RATIO_BURO_DAYS_CREDIT_MAX,1870.70557012558
INSTAL_AMT_INSTALMENT_SUM,1870.7545251846313
CC_CNT_DRAWINGS_ATM_CURRENT_VAR,1876.6366584300995
DEF_30_CNT_SOCIAL_CIRCLE,1913.8013423919679
APPROVED_CNT_PAYMENT_SUM,1916.2968297958373
POS_MONTHS_BALANCE_MEAN,1957.9920231819153
FLAG_DOCUMENT_3,1988.6007662773131
BURO_CREDIT_ACTIVE_Closed_MEAN,1988.8346735954285
EXT_SOURCE_1_DAYS_BIRTH,2000.0403958320617
ACTIVE_AMT_CREDIT_SUM_DEBT_MEAN,2018.6324830055237
CLOSED_AMT_CREDIT_SUM_MEAN,2024.127095413208
BURO_AMT_CREDIT_SUM_MAX,2061.436240673065
PREV_DAYS_DECISION_MIN,2063.799174308777
EXT_SOURCE_2_DAYS_BIRTH,2105.8867064476012
BURO_DAYS_CREDIT_ENDDATE_MAX,2120.147976875305
REGION_RATING_CLIENT_W_CITY,2134.91124958992
CLOSED_DAYS_CREDIT_MAX,2136.0102561473846
POS_CNT_INSTALMENT_MAX,2157.2695464134217
INCOME_CREDIT_PERC,2164.012907886505
PREV_APP_CREDIT_PERC_MIN,2181.003707885742
CLOSED_DAYS_CREDIT_VAR,2198.5775323867797
APPROVED_CNT_PAYMENT_MEAN,2219.559258651733
POS_MONTHS_BALANCE_MAX,2224.8364555358885
ACTIVE_DAYS_CREDIT_ENDDATE_MAX,2255.2442197799683
INSTAL_INSTALLMENTS_DIFF_MEAN,2302.4022912979126
BURO_DAYS_CREDIT_MEAN,2307.7355633735656
BURO_CREDIT_TYPE_Microloan_MEAN,2341.898694038391
BURO_AMT_CREDIT_SUM_MEAN,2343.4468627929687
APPROVED_AMT_ANNUITY_MEAN,2356.062648677826
PREV_NAME_YIELD_GROUP_high_MEAN,2366.6121632575987
ACTIVE_AMT_CREDIT_SUM_MIN,2382.0479011535645
NEW_CAR_TO_BIRTH_RATIO,2434.462895488739
ANNUITY_INCOME_PERC,2434.567367172241
AMT_CREDIT_AMT_ANNUITY,2508.130159187317
INSTAL_INSTALLMENTS_DIFF_INSTALLMENTS_DAY_DIFF_MAX,2589.3786581993104
EXT_SOURCE_1_3,2626.2211686134337
CC_CNT_DRAWINGS_CURRENT_MEAN,2628.8717955589295
APPROVED_DAYS_DECISION_MAX,2642.8070825576783
REGION_POPULATION_RELATIVE,2644.711210346222
NAME_FAMILY_STATUS,2652.6612049102782
CLOSED_DAYS_CREDIT_UPDATE_MAX,2659.7925357818604
ACTIVE_AMT_CREDIT_SUM_DEBT_MIN,2682.7995804786683
NEW_ANNUITY_TO_INCOME_RATIO,2685.0163204193113
ACTIVE_AMT_CREDIT_MAX_OVERDUE_MEAN,2698.1701231002808
INSTAL_AMT_PAYMENT_MIN,2714.9666650295258
INSTAL_DAYS_ENTRY_PAYMENT_MEAN,2750.201891517639
active_loans,2760.3030286312105
DAYS_EMPLOYED,2790.327445602417
DAYS_EMPLOYED_DAYS_EMPLOYED,2839.222107028961
ACTIVE_DAYS_CREDIT_ENDDATE_MIN,2866.2571172237394
INSTAL_INSTALLMENTS_DIFF_INSTALLMENTS_DAY_DIFF_MEAN,2872.0644473075868
DAYS_REGISTRATION,2873.5758979797365
AMT_CREDIT,2887.459219074249
ACTIVE_DAYS_CREDIT_ENDDATE_MEAN,2974.357785511017
PREV_APP_CREDIT_PERC_MEAN,3025.5275189399717
NEW_SOURCES_PROD,3034.7575895309446
INSTAL_DAYS_ENTRY_PAYMENT_SUM,3037.0737352371216
NEW_CAR_TO_EMPLOY_RATIO,3069.7855543136598
INSTAL_AMT_PAYMENT_MEAN,3076.475918531418
BURO_DAYS_CREDIT_MAX,3158.03942861557
OWN_CAR_AGE,3213.673310184479
CC_CNT_DRAWINGS_CURRENT_VAR,3271.666628932953
NEW_RATIO_PREV_DAYS_DECISION_MAX,3306.2377680778504
BURO_AMT_CREDIT_MAX_OVERDUE_MEAN,3355.6851493835447
INSTAL_DAYS_ENTRY_PAYMENT_MAX,3707.9256724357606
POS_SK_DPD_DEF_MEAN,3756.974580955505
NEW_EMPLOY_TO_BIRTH_RATIO,3783.713218784332
DAYS_BIRTH_DAYS_BIRTH,3976.632873773575
POS_MONTHS_BALANCE_SIZE,4147.000746011734
APPROVED_AMT_DOWN_PAYMENT_MAX,4195.896954631806
AMT_GOODS_PRICE,4319.994717693329
DAYS_ID_PUBLISH,4389.1605796813965
INSTAL_PAYMENT_PERC_MEAN,4416.940089035034
EXT_SOURCE_1_2,4514.838558959961
PREV_CNT_PAYMENT_MEAN,4642.132926464081
INSTAL_INSTALLMENTS_DAY_DIFF_SUM,4732.106238555908
BURO_AMT_CREDIT_SUM_DEBT_MEAN,4832.552200698852
PREV_NAME_CONTRACT_STATUS_Refused_MEAN,4944.615595245361
DAYS_BIRTH,5069.619887638092
EXT_SOURCE_2,5396.326818180084
EXT_SOURCE_1,5446.69997549057
DAYS_EMPLOYED_DAYS_BIRTH,5549.003462600708
ACTIVE_DAYS_CREDIT_MAX,5696.0889478683475
CODE_GENDER,6301.662139415741
EXT_SOURCE_3_DAYS_BIRTH,6364.860731124878
NAME_EDUCATION_TYPE,6551.352816009521
EXT_SOURCE_3,6692.598469543457
CC_CNT_DRAWINGS_ATM_CURRENT_MEAN,7946.9719139099125
AMT_ANNUITY,8166.373610305786
INSTAL_AMT_PAYMENT_SUM,8648.357651901246
NEW_CREDIT_TO_ANNUITY_RATIO,9116.946602153777
POS_CNT_INSTALMENT_FUTURE_MEAN,9126.261177539825
INSTAL_DPD_MEAN,9895.72723493576
OCCUPATION_TYPE,12594.22505865097
PAYMENT_RATE,12891.219004631042
NEW_CREDIT_TO_GOODS_RATIO,16323.532784938812
EXT_SOURCE_2_3,21677.787263393402
ORGANIZATION_TYPE,84561.64077696801
NEW_EXT_SOURCES_MEAN,232810.4072540283
